{"cameraMode":{"drawMode":0,"name":"Shaded","section":"Shading Mode"},"sceneLighting":true,"audioPlay":false,"sceneViewState":{"m_AlwaysRefresh":false,"showFog":true,"showSkybox":true,"showFlares":true,"showImageEffects":true,"showParticleSystems":true,"showVisualEffectGraphs":true,"m_FxEnabled":true},"in2DMode":false,"pivot":{"x":2.3064184188842775,"y":0.1704416275024414,"z":1.5187311172485352},"rotation":{"x":0.0010007022647187114,"y":-0.9983762502670288,"z":0.05396556109189987,"w":0.018564922735095025},"size":10.037500381469727,"orthographic":false}