{"cameraMode":{"drawMode":0,"name":"Shaded","section":"Shading Mode"},"sceneLighting":true,"audioPlay":false,"sceneViewState":{"m_AlwaysRefresh":false,"showFog":true,"showSkybox":true,"showFlares":true,"showImageEffects":true,"showParticleSystems":true,"showVisualEffectGraphs":true,"m_FxEnabled":true},"in2DMode":false,"pivot":{"x":168.98350524902345,"y":1.689965009689331,"z":-1.883880615234375},"rotation":{"x":-0.023574834689497949,"y":0.9599999189376831,"z":0.08518253266811371,"w":0.26568764448165896},"size":2.4220478534698488,"orthographic":false}