{"cameraMode":{"drawMode":0,"name":"Shaded","section":"Shading Mode"},"sceneLighting":true,"audioPlay":false,"sceneViewState":{"m_AlwaysRefresh":false,"showFog":true,"showSkybox":true,"showFlares":true,"showImageEffects":true,"showParticleSystems":true,"showVisualEffectGraphs":true,"m_FxEnabled":true},"in2DMode":false,"pivot":{"x":160.80999755859376,"y":1.0145056247711182,"z":-2.970188617706299},"rotation":{"x":-0.000008999980309454259,"y":0.9999908804893494,"z":-0.0029999823309481146,"w":-0.002999981166794896},"size":2.4220478534698488,"orthographic":false}